{
  "version": 1,
  "author": "Prayag C.B",
  "editor": "wokwi",
  "parts": [
    { "type": "board-esp32-devkit-c-v4", "id": "esp", "top": 28.8, "left": -71.96, "attrs": {} },
    {
      "type": "wokwi-led",
      "id": "led1",
      "top": -51.6,
      "left": -168.6,
      "attrs": { "color": "orange", "flip": "1" }
    },
    {
      "type": "wokwi-led",
      "id": "led2",
      "top": -51.6,
      "left": 177,
      "attrs": { "color": "orange", "flip": "1" }
    },
    {
      "type": "wokwi-text",
      "id": "text1",
      "top": 182.4,
      "left": -182.4,
      "attrs": { "text": "Left" }
    },
    {
      "type": "wokwi-resistor",
      "id": "r1",
      "top": 33.6,
      "left": -182.95,
      "rotate": 90,
      "attrs": { "value": "330" }
    },
    {
      "type": "wokwi-resistor",
      "id": "r2",
      "top": 52.8,
      "left": 172.25,
      "rotate": 90,
      "attrs": { "value": "330" }
    },
    { "type": "wokwi-gnd", "id": "gnd2", "top": 76.8, "left": 220.2, "attrs": {} },
    {
      "type": "wokwi-pushbutton",
      "id": "btn1",
      "top": 140.6,
      "left": -201.6,
      "attrs": { "color": "green", "xray": "1" }
    },
    {
      "type": "wokwi-pushbutton",
      "id": "btn2",
      "top": 131,
      "left": 124.8,
      "attrs": { "color": "green", "xray": "1" }
    },
    {
      "type": "wokwi-pushbutton",
      "id": "btn3",
      "top": 54.2,
      "left": 76.8,
      "attrs": { "color": "green", "xray": "1" }
    },
    {
      "type": "wokwi-text",
      "id": "text2",
      "top": 172.8,
      "left": 144,
      "attrs": { "text": "Right\n" }
    },
    {
      "type": "wokwi-text",
      "id": "text3",
      "top": 96,
      "left": 86.4,
      "attrs": { "text": "Hazard" }
    }
  ],
  "connections": [
    [ "esp:TX", "$serialMonitor:RX", "", [] ],
    [ "esp:RX", "$serialMonitor:TX", "", [] ],
    [ "led1:A", "r1:1", "green", [ "v0" ] ],
    [ "r2:1", "led2:A", "green", [ "h0" ] ],
    [ "gnd2:GND", "led2:C", "black", [ "v-76.8" ] ],
    [ "gnd2:GND", "led1:C", "black", [ "v-57.6", "h-326.4", "v-28.8" ] ],
    [ "r1:2", "esp:25", "green", [ "h0", "v46.8" ] ],
    [ "esp:18", "btn1:1.r", "green", [ "h38.4", "v115.2", "h-172.8", "v-86.4", "h9.6" ] ],
    [ "esp:GND.1", "btn1:2.r", "black", [ "h0" ] ],
    [ "esp:GND.3", "btn2:2.r", "black", [ "h57.6", "v96", "h115.2", "v-28.8" ] ],
    [ "esp:19", "btn2:1.r", "green", [ "h0" ] ],
    [ "btn3:1.r", "esp:21", "green", [ "v-19.2", "h-95.8", "v48" ] ],
    [ "esp:GND.3", "btn3:2.r", "black", [ "h124.8", "v-19.2", "h-9.6" ] ],
    [ "esp:26", "r2:2", "green", [ "h-19.05", "v-144", "h268.8", "v86.4" ] ]
  ],
  "dependencies": {}
}